<?xml version="1.0" encoding="UTF-8"?>
<project-private xmlns="http://www.netbeans.org/ns/project-private/1">
    <editor-bookmarks xmlns="http://www.netbeans.org/ns/editor-bookmarks/2" lastBookmarkId="0"/>
    <open-files xmlns="http://www.netbeans.org/ns/projectui-open-files/2">
        <group>
            <file>file:/C:/Users/yulya/Documents/NetBeansProjects/SistemaVenta/src/Vista/Registro.java</file>
            <file>file:/C:/Users/yulya/Documents/NetBeansProjects/SistemaVenta/src/Vista/Sistema.java</file>
            <file>file:/C:/Users/yulya/Documents/NetBeansProjects/SistemaVenta/src/Vista/Login.java</file>
            <file>file:/C:/Users/yulya/Documents/NetBeansProjects/SistemaVenta/src/Vista/Proveedordao.java</file>
        </group>
    </open-files>
</project-private>
